timestamp,risk_category,early warning,article headlines,source country,potential impact (high/medium/low),chunk,URL
2026-05-10T13:18:31Z,bank liquidity crisis,yes,loss-absorbing capacity and limiting the propagation of stress.,Global,high,"loss-absorbing capacity and limiting the propagation of stress. Major emerging markets have strengthened their resilience over the past decades. Improved policy frameworks have made monetary and fiscal institutions more credible, supporting stronger growth in several regions. In periods of war, however, asset prices seldom reflect the plight of more vulnerable economies that are suffering from energy and—should the conflict persist—food insecurities. This not only poses an imminent challenge but also tends to introduce additional fiscal spending and external borrowings that weaken fundamentals. Structural improvements in the functioning of bond and short-term funding markets, supported by the responsiveness of central banks and the availability of standing facilities, have helped—such as the Federal Reserve’s Standing Repo Facility and the Bank of England’s Contingent NBFI Repo Facility. At the same time, expanded central clearing in government bond, repo, and derivatives markets has reduced counterparty risk, improved netting—and therefore the capacity for the system to manage large transactions during volatile periods—and increased transparency. Resilience Not Guaranteed, Amplification Risks Ahead The current conflict remains highly unpredictable. The circumstantial factors could give way to a pro-",file:///Users/katerinag/AI_Challenge_Lab_Morgan_Stanley/03_Agents/Agent-loop/Agent-app/data/imf-report.pdf#page=11
2026-05-10T13:18:31Z,bank liquidity crisis,yes,Emerging Markets under Pressure,Global,high,"distress, where banks hold larger shares of sovereign debt. To gauge the implications of such a rising nexus, IMF staff have assessed the impact of domestic debt restructuring on bank capital in emerging markets. Banking systems in nearly half the countries rated BB/B, CCC, or lower, or not rated, are estimated to require recapitalization under a severe loss scenario, because their regulatory capital ratios fall below 10 percent in a scenario in which domestic debt restructuring shaves 40 percent off both sovereign bond and loan values. Higher global inflation makes debt distress more likely and could increase the risk of strains in both sovereigns and banks, resulting in a contraction of lending to households and businesses that would weaken the economy. Emerging Market asset prices have adjusted the most to the outbreak of the conflict in the Middle East. Hard- and local-currency government bond spreads",file:///Users/katerinag/AI_Challenge_Lab_Morgan_Stanley/03_Agents/Agent-loop/Agent-app/data/imf-report.pdf#page=23
2026-05-10T13:18:31Z,bank liquidity crisis,yes,Resilient Funding Markets Could Be Tested by Higher Bond Yields and Rising Rollover Risks,Global,high,"generate expected returns to justify current valuations could worsen broader investor sentiment. The second could propagate equity market stress across borders through strong wealth effects. Amplification Channels from Market Turmoil to Financial Instability Resilient Funding Markets Could Be Tested by Higher Bond Yields and Rising Rollover Risks With debt-to-GDP ratios at all-time high levels in core sovereign bond markets and higher energy prices and inflationary forces applying pressure on bond yields, funding markets—historically a locus of fragility during episodes of financial turmoil—could tighten. Gyration in bond markets could lower the collateral value in repurchase agreement (repo) transactions, raising repo rates and margins. Highly leveraged strategies like the cash-futures basis trade could unwind because higher bond yields push up repo rates, further raising yields. In addition, the move of sovereign debt issuance in G4 economies toward shorter weighted average maturities has made the link between bond and funding markets more acute. In the United States, money market funds have increasingly directed the inflows they received away from repos and toward US Treasury bills over the past year, reflecting Treasury bills’ supply surge and attractive yields. This has coincided with the US",file:///Users/katerinag/AI_Challenge_Lab_Morgan_Stanley/03_Agents/Agent-loop/Agent-app/data/imf-report.pdf#page=28
2026-05-10T13:18:31Z,US military escalation,yes,U.S. military says it intercepted Iranian attacks on 3 Navy ships in Strait of Hormuz,US,high,"The U.S. military says it intercepted Iranian attacks on 3 Navy ships in the Strait of Hormuz. This incident highlights the ongoing tensions in the region and the potential for further military escalation. The U.S. has increased its naval presence in the area to deter Iranian aggression and protect shipping lanes. Analysts warn that continued military confrontations could lead to broader conflicts, impacting global oil supplies and financial markets.",https://news.google.com/rss/articles/CBMinwFBVV95cUxObENkOFNhc08zdzBiZEpmMGQxVzZScm9tZ2NhcUpxd0FMRUU3YUpuTDl4eG9ER0JnaWNQUDBLcDd3b1Vhb0hBeV9rd0xiaTZVSG9rSTBvWmhLNjgxNTJYVmQzWnpUS3pVV3ZSaUM3MWUwMkRDajNUMHItdGowZHpHaWNPQUJnN09KMDdrWmN1Z2NVbHd2M2xsRGJSXzN1S1E?oc=5
2026-05-10T13:18:31Z,US military escalation,yes,Iran says it attacked US Navy ships after they targeted Iranian tanker,Iran,high,"Iran says it attacked US Navy ships after they targeted an Iranian tanker. This escalation in military actions raises concerns about the potential for a wider conflict in the region. The Iranian government has vowed to retaliate against any further attacks, which could lead to increased military presence from the U.S. and its allies in the area. Analysts are closely monitoring the situation as it develops, given the implications for global oil markets and regional stability.",https://news.google.com/rss/articles/CBMirAFBVV95cUxNcXdpUDF4N0J1aHYwaXZiYmpVUjUyb0dWX0NwYUVyTG0xb3lHblpZQUFpRHQ4MVMxdjhRbXBZb1NvWTJZazdwbHFWdEZLSzlLVllCUVFUeEZWZGFncmQ1ZGNTRGJUcm81YVpmVDlUYXZpOFNuQXc2ZXpwbUlqRGU4bjByVmF0cVVtemtLWmlPYVBPNUZ0SnJvbml5d1k3Vjg4UEVaakJySmRqdnhN0gGyAUFVX3lxTFBIelA3U09Wc0VFT3BKNkxVNW1xTUFTWnlZQmtrUlZ2V3ljeEJELVV5dkJSZEpQLU1CU2p5UWdfejBjbzRac2c1T2thbDJlS2lHcWFYMGpDNGowZFVVX0lqbDRXTTVRUXJzZE5HeE9LLWV3YW5Fa1JxWVZHLUVTQUROcDRoNG9SN2hrVzcxWERJamdiQUgwcVlnRWpXWlhGVXk4eGpRZ19abDRWRnhiczFOSkE?oc=5
2026-05-10T13:18:31Z,US military escalation,yes,"US resumes strikes on Iran, as Trump threatens further escalation",US,high,"The U.S. has resumed strikes on Iran, with President Trump threatening further escalation if Iranian aggression continues. This renewed military action is part of a broader strategy to deter Iran from its activities in the region. Analysts warn that this could lead to a significant increase in tensions, potentially impacting global oil prices and financial markets. The situation remains fluid, with both sides on high alert for further confrontations.",https://news.google.com/rss/articles/CBMiaEFVX3lxTE4wUjUzYkhKM2hWa3J5UTBxbWRBbFExVUNvemJuYVRGUHJxM0JIQVh2bjVQT0pJT19oZGZyamFRWXNDNlN0djdmekVTZmdWOEpUdEdTTjVrOElRMWVrdmZHSHo4THpZa0Iz?oc=5
2026-05-10T13:18:31Z,oil price spike,yes,Aramco quarterly profit surges over 25% amid global oil price spike,Saudi Arabia,high,"Aramco has reported a quarterly profit surge of over 25% amid a global oil price spike. The increase in oil prices has been attributed to ongoing geopolitical tensions, particularly in the Middle East. Analysts expect that continued instability in the region could lead to further price increases, impacting global markets and inflation rates. The surge in profits reflects the company's ability to capitalize on rising oil prices, but also raises concerns about the sustainability of such price levels in the long term.",https://news.google.com/rss/articles/CBMirwFBVV95cUxQMjZud0wzWkJBbG9oTEx2YldLaERVSjN5UkllLV95aXQ2eTBoalQyeHZ2cEhSU3NFb09ZUzJnRFRiSUw1NTdLYUZKb1pieTBianpqTzFUejdpNnE0c0FLNDRsdk01YlRpN0laRTJ5UXVBZXJ2QklGNTUzTWd1cGdXaVRtRHJ3cTdfOEZ1Mld0a2puTklUMEZnLURkQk11WnZvb3NNZkhRaG5PYmNZZGNn?oc=5
2026-05-10T13:18:31Z,oil price spike,yes,Gas prices are spiking. So why aren’t U.S. oil companies drilling more?,US,medium,"Gas prices are spiking across the United States, raising questions about why oil companies are not increasing drilling activities to meet demand. Analysts suggest that while prices are high, companies are cautious about investing in new drilling due to uncertainties in the market and potential regulatory changes. This situation could lead to further price increases if supply does not catch up with demand, impacting consumers and the broader economy.",https://news.google.com/rss/articles/CBMisAFBVV95cUxORlRyUXhkZ1duQUtmNTlNeVdFYTE4WUhwQWRaQmItTkFUNjc4V0t5MDdRUGk4NTBVZGliRmJ5blNmZEpKTFFCZmZ2S01SVnlabWcxanVmc3ZCbmZmbUtueTJKVlk3ZGxsVnhYTXE3VU5IMlozeERudEZVYlhGaFFQdnBlVlhNU0N0TVFnNVlhRmpFb3Z4U2VwZkhsZ1VQbDFqUHhQUF9UWXI4MXVRS25IeA?oc=5
2026-05-10T13:18:31Z,oil price spike,yes,Oil’s wild $126 price spike sends investors a blunt message,Global,high,"Oil prices have spiked to $126, sending a clear message to investors about the volatility in the market. This price surge is attributed to geopolitical tensions and supply chain disruptions. Analysts warn that such spikes can lead to inflationary pressures and impact economic growth. The unpredictability of oil prices poses risks for both consumers and businesses, as they navigate the challenges of rising costs and potential supply shortages.",https://news.google.com/rss/articles/CBMimAFBVV95cUxQbTV2X1FTTTNCcGVKd1VMblRQNDZBWlV6Y3k5VmZ2YXJNOTlWLXVEc2hvVFE1RFdoNGpOUDA1bzdHZjJ0NHNEWHNSTkJIMUpPSG1JTUFneDlpYnJqUWFzTzhnZkZWYjdNeWhCWDFjR2ZXRmlOV0o3SEVxWlRvM0NneUUxQ0N5QnpOQkMwUTB6TzlwY09aTlZzQw?oc=5
